first_name,last_name,email
John,Doe,john-doe@gmail.com
Mary,Smith-Robinson,maryjacobs@gmail.com
Dave,Smith,davesmith@gmail.com
Jane,Stuart,jane-stuart@gmail.com
Tom,Wright,tomwright@gmail.com